[{"model": "control.producttype", "pk": 1, "fields": {"name": "Первое блюдо"}}, {"model": "control.producttype", "pk": 2, "fields": {"name": "Салат"}}, {"model": "control.producttype", "pk": 3, "fields": {"name": "Второе блюдо"}}, {"model": "control.product", "pk": 1, "fields": {"name": "Борщ", "type": 1}}, {"model": "control.product", "pk": 2, "fields": {"name": "Гречневый суп", "type": 1}}, {"model": "control.product", "pk": 3, "fields": {"name": "Венигрет", "type": 2}}, {"model": "control.product", "pk": 4, "fields": {"name": "Макароны с говядиной", "type": 3}}, {"model": "control.product", "pk": 5, "fields": {"name": "Рис со свининой", "type": 3}}, {"model": "control.menu", "pk": 1, "fields": {"week_day": "Понедельник"}}, {"model": "control.menu", "pk": 2, "fields": {"week_day": "Вторник"}}, {"model": "control.menu", "pk": 3, "fields": {"week_day": "Среда"}}, {"model": "control.menu", "pk": 4, "fields": {"week_day": "Четверг"}}, {"model": "control.menu", "pk": 5, "fields": {"week_day": "Пятница"}}, {"model": "control.menu", "pk": 6, "fields": {"week_day": "Суббота"}}, {"model": "control.menu", "pk": 7, "fields": {"week_day": "Воскресенье"}}, {"model": "control.menustructure", "pk": 1, "fields": {"menu": 1, "mealtime_type": "Завтрак", "start_time": "06:45:00", "end_time": "08:00:00", "products": [3, 5]}}, {"model": "control.menustructure", "pk": 2, "fields": {"menu": 1, "mealtime_type": "Обед", "start_time": "13:00:00", "end_time": "15:00:00", "products": [1, 2, 3, 4]}}, {"model": "control.menustructure", "pk": 3, "fields": {"menu": 1, "mealtime_type": "Ужин", "start_time": "18:45:00", "end_time": "20:00:00", "products": [4]}}, {"model": "control.menustructure", "pk": 4, "fields": {"menu": 2, "mealtime_type": "Завтрак", "start_time": "06:45:00", "end_time": "08:00:00", "products": [3, 4, 5]}}, {"model": "control.menustructure", "pk": 5, "fields": {"menu": 2, "mealtime_type": "Обед", "start_time": "13:00:00", "end_time": "15:00:00", "products": [1, 2, 3, 4, 5]}}, {"model": "control.menustructure", "pk": 6, "fields": {"menu": 2, "mealtime_type": "Ужин", "start_time": "18:45:00", "end_time": "20:00:00", "products": [3, 5]}}, {"model": "control.menustructure", "pk": 7, "fields": {"menu": 3, "mealtime_type": "Завтрак", "start_time": "06:45:00", "end_time": "08:00:00", "products": [3, 4, 5]}}, {"model": "control.menustructure", "pk": 8, "fields": {"menu": 3, "mealtime_type": "Обед", "start_time": "13:00:00", "end_time": "15:00:00", "products": [1, 2]}}, {"model": "control.menustructure", "pk": 9, "fields": {"menu": 3, "mealtime_type": "Ужин", "start_time": "18:45:00", "end_time": "20:00:00", "products": [3, 4]}}, {"model": "control.menustructure", "pk": 10, "fields": {"menu": 4, "mealtime_type": "Завтрак", "start_time": "06:45:00", "end_time": "08:00:00", "products": [3, 4]}}, {"model": "control.menustructure", "pk": 11, "fields": {"menu": 4, "mealtime_type": "Обед", "start_time": "13:00:00", "end_time": "15:00:00", "products": [1, 2]}}, {"model": "control.menustructure", "pk": 12, "fields": {"menu": 4, "mealtime_type": "Ужин", "start_time": "18:45:00", "end_time": "20:00:00", "products": [3]}}, {"model": "control.menustructure", "pk": 13, "fields": {"menu": 5, "mealtime_type": "Завтрак", "start_time": "06:45:00", "end_time": "08:00:00", "products": [4, 5]}}, {"model": "control.menustructure", "pk": 14, "fields": {"menu": 5, "mealtime_type": "Обед", "start_time": "13:00:00", "end_time": "15:00:00", "products": [1, 2]}}, {"model": "control.menustructure", "pk": 15, "fields": {"menu": 5, "mealtime_type": "Ужин", "start_time": "18:45:00", "end_time": "20:00:00", "products": [3, 5]}}, {"model": "control.menustructure", "pk": 16, "fields": {"menu": 6, "mealtime_type": "Завтрак", "start_time": "06:45:00", "end_time": "08:00:00", "products": [4, 5]}}, {"model": "control.menustructure", "pk": 17, "fields": {"menu": 6, "mealtime_type": "Обед", "start_time": "13:00:00", "end_time": "15:00:00", "products": [1, 2, 4, 5]}}, {"model": "control.menustructure", "pk": 18, "fields": {"menu": 6, "mealtime_type": "Ужин", "start_time": "18:45:00", "end_time": "20:00:00", "products": [3, 5]}}, {"model": "control.menustructure", "pk": 19, "fields": {"menu": 7, "mealtime_type": "Завтрак", "start_time": "06:45:00", "end_time": "08:00:00", "products": [3, 4]}}, {"model": "control.menustructure", "pk": 20, "fields": {"menu": 7, "mealtime_type": "Обед", "start_time": "13:00:00", "end_time": "15:00:00", "products": [1, 2, 5]}}, {"model": "control.menustructure", "pk": 21, "fields": {"menu": 7, "mealtime_type": "Ужин", "start_time": "18:45:00", "end_time": "20:00:00", "products": [3, 4]}}, {"model": "control.company", "pk": 1, "fields": {"name": "1 научная рота"}}, {"model": "control.military", "pk": 1, "fields": {"name": "Сабитов Р.А.", "rank": "ряд.", "company": 1, "image": "upload/Sabitov_v1.jpg"}}, {"model": "control.military", "pk": 2, "fields": {"name": "Голубев В.О.", "rank": "ряд.", "company": 1, "image": "upload/Golubev.jpg"}}, {"model": "control.order", "pk": 1, "fields": {"military_id": 2, "date": "2020-10-26"}}, {"model": "control.order", "pk": 2, "fields": {"military_id": 2, "date": "2020-11-02"}}, {"model": "control.order", "pk": 3, "fields": {"military_id": 1, "date": "2020-10-26"}}, {"model": "control.order", "pk": 4, "fields": {"military_id": 1, "date": "2020-10-29"}}, {"model": "control.order", "pk": 5, "fields": {"military_id": 2, "date": "2020-10-30"}}, {"model": "control.order", "pk": 6, "fields": {"military_id": 1, "date": "2020-10-31"}}, {"model": "control.order", "pk": 7, "fields": {"military_id": 2, "date": "2020-10-31"}}, {"model": "control.order", "pk": 8, "fields": {"military_id": 2, "date": "2020-11-05"}}, {"model": "control.order", "pk": 9, "fields": {"military_id": 1, "date": "2020-11-05"}}, {"model": "control.orderitem", "pk": 1, "fields": {"menu_structure": 1, "order": 1, "products": [3, 5]}}, {"model": "control.orderitem", "pk": 2, "fields": {"menu_structure": 2, "order": 1, "products": [1]}}, {"model": "control.orderitem", "pk": 3, "fields": {"menu_structure": 3, "order": 1, "products": [4]}}, {"model": "control.orderitem", "pk": 4, "fields": {"menu_structure": 1, "order": 2, "products": [5]}}, {"model": "control.orderitem", "pk": 5, "fields": {"menu_structure": 2, "order": 2, "products": [2]}}, {"model": "control.orderitem", "pk": 6, "fields": {"menu_structure": 3, "order": 2, "products": [4]}}, {"model": "control.orderitem", "pk": 7, "fields": {"menu_structure": 1, "order": 3, "products": [5]}}, {"model": "control.orderitem", "pk": 8, "fields": {"menu_structure": 2, "order": 3, "products": [1, 4]}}, {"model": "control.orderitem", "pk": 9, "fields": {"menu_structure": 3, "order": 3, "products": [4]}}, {"model": "control.orderitem", "pk": 10, "fields": {"menu_structure": 1, "order": 4, "products": [4]}}, {"model": "control.orderitem", "pk": 11, "fields": {"menu_structure": 2, "order": 4, "products": [2]}}, {"model": "control.orderitem", "pk": 12, "fields": {"menu_structure": 3, "order": 4, "products": [3]}}, {"model": "control.orderitem", "pk": 13, "fields": {"menu_structure": 1, "order": 5, "products": [4]}}, {"model": "control.orderitem", "pk": 14, "fields": {"menu_structure": 2, "order": 5, "products": [1]}}, {"model": "control.orderitem", "pk": 15, "fields": {"menu_structure": 3, "order": 5, "products": [3, 5]}}, {"model": "control.orderitem", "pk": 16, "fields": {"menu_structure": 1, "order": 6, "products": [4]}}, {"model": "control.orderitem", "pk": 17, "fields": {"menu_structure": 2, "order": 6, "products": [1, 4]}}, {"model": "control.orderitem", "pk": 18, "fields": {"menu_structure": 3, "order": 6, "products": [3, 5]}}, {"model": "control.orderitem", "pk": 19, "fields": {"menu_structure": 1, "order": 7, "products": [4]}}, {"model": "control.orderitem", "pk": 20, "fields": {"menu_structure": 2, "order": 7, "products": [2, 5]}}, {"model": "control.orderitem", "pk": 21, "fields": {"menu_structure": 3, "order": 7, "products": [3, 5]}}, {"model": "control.orderitem", "pk": 22, "fields": {"menu_structure": 1, "order": 8, "products": [3]}}, {"model": "control.orderitem", "pk": 23, "fields": {"menu_structure": 2, "order": 8, "products": [1]}}, {"model": "control.orderitem", "pk": 24, "fields": {"menu_structure": 3, "order": 8, "products": [3]}}, {"model": "control.orderitem", "pk": 25, "fields": {"menu_structure": 1, "order": 9, "products": [3, 4]}}, {"model": "control.orderitem", "pk": 26, "fields": {"menu_structure": 2, "order": 9, "products": [2]}}, {"model": "control.orderitem", "pk": 27, "fields": {"menu_structure": 3, "order": 9, "products": [3]}}]